name	title	coding
t2_vogq3gqr	Span 201	courses
t2_m20hq1q2	CSU healthcare clinique	university services
t2_8wmae6n2j	FINA 395 Final Prep	exams
t2_brb484lyp	Custom hoodies	fun
t2_shaj3	MATH 205 Minimum Grade, BCompSc	grades
t2_a6v8xz6d	Anyone selling thatfcknhalloweenparty tickets	fun
t2_9vbqpz2a	ENCS Computers	university services
t2_15je7wsb	DISC while on AFE	courses
t2_8x21bvzy	Pursing a second undergrad in Exercise science.	programs
t2_3r84vyx6	Need to drop Minor	programs
t2_3c05kvbl	ASEQ insurance	PSA
t2_61lux9aa	Internship - Sense of doom	extracurriculars
t2_ofoejgj6o	I farted really hard in class and the lights flickered	PSA
t2_zyoo3u4a3	Looking for ECON 201, COMM 211, COMM 205 Finals Crash Course	exams
t2_w7c8bh6b	In-Course Scholarships Gina Cody	courses
t2_9ryu1mc3	Econ 201 and 203	courses
t2_ofoejgj6o	Just testing the waters	extracurriculars
t2_5ccbc5e2	ENGR 213 Project with Paradis	courses
t2_152ko9zgox	comp248	courses
t2_18lqvz36sg	Looking for people to split comm 309 crash course and mocks from john	courses
t2_lz6x5msh	Coop	extracurriculars
t2_qiqby7d3	Downloading huge files on Grey Nuns Wi-Fi	university services
t2_7rnou5kd	Taking only three classes this semester and not eligible for a reduced-fare opus	university services
t2_5lpfopuu5	Bombardier Internship	extracurriculars
t2_13710y5jk1	comm 205 and comm 211	courses
t2_ybqtawv8q	Wizeprep for math 208	courses
t2_v0g0ug37	john or wizeprep for COMM214 and COMM221 final prep?	exams
t2_643vf0kb	Where can I get a Concordia shirt?	university services
t2_5cahcu39	Math 204 midterm	exams
t2_aow11zy26	Retaking class from winter 2024 possible?	courses
t2_1aie1wpe8d	Student housing	housing
t2_e90bfd00h	What happens if I fail a class during my exchange?	courses
t2_mvnirpxe4	Looking For A French Partner!	extracurriculars
t2_spnu5kjs	Final Exam Schedule	exams
t2_bxandeiv	Internal transfer	programs
t2_b51ak6zb	Top business schools in Canada	programs
t2_1bwu7n2td9	Easiest Electives for Master of Applied Computer Science?	programs
t2_mor1zoe2z	Forgot my bottle on the shuttle	PSA
t2_15dukizl7u	math 203 midterm	exams
t2_7ega25ll	Talent show	fun
t2_5c1emlsk	Opus Card Renewal	university services
t2_16w28ypbfv	Would you be agreeable to creating a hookup group ?	fun
t2_8jchassv	Institute of Cooperative Education Question	programs
t2_6yr6bt6h	MATH 204 midterm solutions	exams
t2_bhhwoi8m8	Any easy electives still open or waitlist for winter 2025	courses
t2_t46y0meb	Esl Concordia	university services
t2_i1j85kxq	Best places to eat	fun
t2_ah3hlt16p	Coop learning activity	extracurriculars
t2_dhuy0qouk	how do you know if you are meant for engineering?	programs
t2_spnu5kjs	Programs/classes with Hot Girls	programs