name	title	coding
t2_18c4o5	Carnival &amp; Hypeweek	Fun
t2_p2hfmnd4w	Asking help to finding this mcgill backpack (probably adidas brand)	PSA
t2_o0mqpjhw	cheapest place to get nails removed in montreal?	Fun
t2_5tlia3k3	Withdraw a course to lock in harder	Courses
t2_1a9cmg1owb	Math 140 midterm	Exams
t2_g5kjngyzx	COMP 549 as a second year?	Courses
t2_1biqxx7ivg	Skipping club meeting to see visiting out-of-province best friend?	Extracurriculars
t2_12a75srewa	MATH222 fall 2024 (calculus 3) is hell	Courses
t2_s2xxijn4	Curving grades at McGill	Grades
t2_3tma3hlb	MATH 525, MATH 558, MATH 308, MATH 447 at same time	Courses
t2_fo5dwif9	How do I study effectively??	Courses
t2_j9gyrhub	EXMD 601 - opinion ? course outline ?	Courses
t2_fgns9dky6	Abnormal squirrels üêøÔ∏è	PSA
t2_p6y4s0ysr	Am I cooked if I‚Äôm about to graduate but remembers nothing from my classes ?	Courses
t2_4xe8xy81	Does MSc. Computer Science (thesis &amp; non-thesis) have rolling admissions?	Programs
t2_er7jcmdk	phil 210 midterm	Exams
t2_j1i5r5oj	Voting no for SSMU increases?	University Services
t2_gds709lq	SEAD Courses	Courses
t2_8exsqr9rf	Math 323 - midterm grades	Grades
t2_um1cwhpoh	PSYC 305 With Jens Kreitewolf	Courses